category,index,text,bucket,final_key,final_url,src_key,server_url,sample_rate,transcoded
확인,1,"네, 고객님 맞으십니다.",tts-bucket-250810,확인/01.wav,https://tts-bucket-250810.s3.ap-northeast-2.amazonaws.com/확인/01.wav,확인/71dc1dd0d1744b92ac105a812655e5f7_mulaw_8000hz.wav,https://tts-bucket-250810.s3.amazonaws.com/%ED%99%95%EC%9D%B8/71dc1dd0d1744b92ac105a812655e5f7_mulaw_8000hz.wav?X-Amz-Algorithm=AWS4-HMAC-SHA256&X-Amz-Credential=AKIA5FTZEYGKJO6ZSQHB%2F20250912%2Fap-northeast-2%2Fs3%2Faws4_request&X-Amz-Date=20250912T011724Z&X-Amz-Expires=600&X-Amz-SignedHeaders=host&X-Amz-Signature=0ec823de77fd8956f061b60a1987e2ed2021f3b4976d2d3e293f7073338f9faa,8000,no
확인,2,"네, 말씀하신 내용 확인했습니다.",tts-bucket-250810,확인/02.wav,https://tts-bucket-250810.s3.ap-northeast-2.amazonaws.com/확인/02.wav,확인/0c5eac492a564b03b5818fd073682803_mulaw_8000hz.wav,https://tts-bucket-250810.s3.amazonaws.com/%ED%99%95%EC%9D%B8/0c5eac492a564b03b5818fd073682803_mulaw_8000hz.wav?X-Amz-Algorithm=AWS4-HMAC-SHA256&X-Amz-Credential=AKIA5FTZEYGKJO6ZSQHB%2F20250912%2Fap-northeast-2%2Fs3%2Faws4_request&X-Amz-Date=20250912T011725Z&X-Amz-Expires=600&X-Amz-SignedHeaders=host&X-Amz-Signature=bf2cfd00493a5cb5771d1c7ef9f181d61202bdd0b17c135e2df5f17072554d2a,8000,no
확인,3,"네, 그렇게 진행하겠습니다.",tts-bucket-250810,확인/03.wav,https://tts-bucket-250810.s3.ap-northeast-2.amazonaws.com/확인/03.wav,확인/7268b23edcd44d2cafb3aeac2b6b1336_mulaw_8000hz.wav,https://tts-bucket-250810.s3.amazonaws.com/%ED%99%95%EC%9D%B8/7268b23edcd44d2cafb3aeac2b6b1336_mulaw_8000hz.wav?X-Amz-Algorithm=AWS4-HMAC-SHA256&X-Amz-Credential=AKIA5FTZEYGKJO6ZSQHB%2F20250912%2Fap-northeast-2%2Fs3%2Faws4_request&X-Amz-Date=20250912T011725Z&X-Amz-Expires=600&X-Amz-SignedHeaders=host&X-Amz-Signature=0e9af0e81dcaf510e5761bc750e44f5871c776857ddbb5831a2bf506c94a504e,8000,no
확인,4,알겠습니다. 그대로 처리할게요.,tts-bucket-250810,확인/04.wav,https://tts-bucket-250810.s3.ap-northeast-2.amazonaws.com/확인/04.wav,확인/e8483a0e3fc04a9ebaa2a361b8abbf9f_mulaw_8000hz.wav,https://tts-bucket-250810.s3.amazonaws.com/%ED%99%95%EC%9D%B8/e8483a0e3fc04a9ebaa2a361b8abbf9f_mulaw_8000hz.wav?X-Amz-Algorithm=AWS4-HMAC-SHA256&X-Amz-Credential=AKIA5FTZEYGKJO6ZSQHB%2F20250912%2Fap-northeast-2%2Fs3%2Faws4_request&X-Amz-Date=20250912T011726Z&X-Amz-Expires=600&X-Amz-SignedHeaders=host&X-Amz-Signature=75d345d0738e6d9ea8a4e042ad3e7975f5aa773899ce71b095e4b9bc3c93c5c3,8000,no
확인,5,"확인되었습니다, 잠시만 기다려 주세요.",tts-bucket-250810,확인/05.wav,https://tts-bucket-250810.s3.ap-northeast-2.amazonaws.com/확인/05.wav,확인/4b59238002594c4f83c1226e9c322833_mulaw_8000hz.wav,https://tts-bucket-250810.s3.amazonaws.com/%ED%99%95%EC%9D%B8/4b59238002594c4f83c1226e9c322833_mulaw_8000hz.wav?X-Amz-Algorithm=AWS4-HMAC-SHA256&X-Amz-Credential=AKIA5FTZEYGKJO6ZSQHB%2F20250912%2Fap-northeast-2%2Fs3%2Faws4_request&X-Amz-Date=20250912T011726Z&X-Amz-Expires=600&X-Amz-SignedHeaders=host&X-Amz-Signature=a6548a26e89c5e6798f8715e280bbd05e932ffb68a3fef1bb83504d9b45cd188,8000,no
확인,6,"네, 지금 바로 도와드릴게요.",tts-bucket-250810,확인/06.wav,https://tts-bucket-250810.s3.ap-northeast-2.amazonaws.com/확인/06.wav,확인/5c688dc3c4ce4b478d3165ab0948a8e8_mulaw_8000hz.wav,https://tts-bucket-250810.s3.amazonaws.com/%ED%99%95%EC%9D%B8/5c688dc3c4ce4b478d3165ab0948a8e8_mulaw_8000hz.wav?X-Amz-Algorithm=AWS4-HMAC-SHA256&X-Amz-Credential=AKIA5FTZEYGKJO6ZSQHB%2F20250912%2Fap-northeast-2%2Fs3%2Faws4_request&X-Amz-Date=20250912T011727Z&X-Amz-Expires=600&X-Amz-SignedHeaders=host&X-Amz-Signature=7a7aee80d786052d8abed0650219fe11903b424cc5cd3b017b1bfb94b80ec22f,8000,no
확인,7,"네, 안내드린 대로 진행하겠습니다.",tts-bucket-250810,확인/07.wav,https://tts-bucket-250810.s3.ap-northeast-2.amazonaws.com/확인/07.wav,확인/79d20c4dacd04b2faac9f0183cba06ec_mulaw_8000hz.wav,https://tts-bucket-250810.s3.amazonaws.com/%ED%99%95%EC%9D%B8/79d20c4dacd04b2faac9f0183cba06ec_mulaw_8000hz.wav?X-Amz-Algorithm=AWS4-HMAC-SHA256&X-Amz-Credential=AKIA5FTZEYGKJO6ZSQHB%2F20250912%2Fap-northeast-2%2Fs3%2Faws4_request&X-Amz-Date=20250912T011727Z&X-Amz-Expires=600&X-Amz-SignedHeaders=host&X-Amz-Signature=affdefd87feec565e60139230cb989a6c708e1344dc7c42d2f3ed832507a43ab,8000,no
확인,8,"네, 요청하신 부분 접수했습니다.",tts-bucket-250810,확인/08.wav,https://tts-bucket-250810.s3.ap-northeast-2.amazonaws.com/확인/08.wav,확인/a18a8210ff2b41e989047b45302ed779_mulaw_8000hz.wav,https://tts-bucket-250810.s3.amazonaws.com/%ED%99%95%EC%9D%B8/a18a8210ff2b41e989047b45302ed779_mulaw_8000hz.wav?X-Amz-Algorithm=AWS4-HMAC-SHA256&X-Amz-Credential=AKIA5FTZEYGKJO6ZSQHB%2F20250912%2Fap-northeast-2%2Fs3%2Faws4_request&X-Amz-Date=20250912T011728Z&X-Amz-Expires=600&X-Amz-SignedHeaders=host&X-Amz-Signature=50a60b39f0c9826b34a0833023f81d479380cb84d5fa63ee9654c01e5d2cb333,8000,no
확인,9,"네, 문제 없습니다.",tts-bucket-250810,확인/09.wav,https://tts-bucket-250810.s3.ap-northeast-2.amazonaws.com/확인/09.wav,확인/29fe7637fa1d464cab1a05c1d24d4b36_mulaw_8000hz.wav,https://tts-bucket-250810.s3.amazonaws.com/%ED%99%95%EC%9D%B8/29fe7637fa1d464cab1a05c1d24d4b36_mulaw_8000hz.wav?X-Amz-Algorithm=AWS4-HMAC-SHA256&X-Amz-Credential=AKIA5FTZEYGKJO6ZSQHB%2F20250912%2Fap-northeast-2%2Fs3%2Faws4_request&X-Amz-Date=20250912T011728Z&X-Amz-Expires=600&X-Amz-SignedHeaders=host&X-Amz-Signature=3f2677dc8aeb638f4bd21cbedd324c687b671ae3805726dfd6b97f88016e54ff,8000,no
확인,10,"네, 이어서 진행하겠습니다.",tts-bucket-250810,확인/10.wav,https://tts-bucket-250810.s3.ap-northeast-2.amazonaws.com/확인/10.wav,확인/1e7e1345de4344c782dd703bed7c88d7_mulaw_8000hz.wav,https://tts-bucket-250810.s3.amazonaws.com/%ED%99%95%EC%9D%B8/1e7e1345de4344c782dd703bed7c88d7_mulaw_8000hz.wav?X-Amz-Algorithm=AWS4-HMAC-SHA256&X-Amz-Credential=AKIA5FTZEYGKJO6ZSQHB%2F20250912%2Fap-northeast-2%2Fs3%2Faws4_request&X-Amz-Date=20250912T011729Z&X-Amz-Expires=600&X-Amz-SignedHeaders=host&X-Amz-Signature=63a527b06c35544882daf87a879491d778673430ea5845374648648864d9eeec,8000,no
설명,1,"안내드리자면, 이런 절차로 진행됩니다.",tts-bucket-250810,설명/01.wav,https://tts-bucket-250810.s3.ap-northeast-2.amazonaws.com/설명/01.wav,설명/dd41f82f236c43dda85cd09e428a1ba0_mulaw_8000hz.wav,https://tts-bucket-250810.s3.amazonaws.com/%EC%84%A4%EB%AA%85/dd41f82f236c43dda85cd09e428a1ba0_mulaw_8000hz.wav?X-Amz-Algorithm=AWS4-HMAC-SHA256&X-Amz-Credential=AKIA5FTZEYGKJO6ZSQHB%2F20250912%2Fap-northeast-2%2Fs3%2Faws4_request&X-Amz-Date=20250912T011729Z&X-Amz-Expires=600&X-Amz-SignedHeaders=host&X-Amz-Signature=9db50b098e4d055f58f9301864a0f053d704856cc427bd815e52968a02b0ef99,8000,no
설명,2,간단히 말씀드리면요…,tts-bucket-250810,설명/02.wav,https://tts-bucket-250810.s3.ap-northeast-2.amazonaws.com/설명/02.wav,설명/1bf50eb1fbb84c2d9c58bf1db45c99f3_mulaw_8000hz.wav,https://tts-bucket-250810.s3.amazonaws.com/%EC%84%A4%EB%AA%85/1bf50eb1fbb84c2d9c58bf1db45c99f3_mulaw_8000hz.wav?X-Amz-Algorithm=AWS4-HMAC-SHA256&X-Amz-Credential=AKIA5FTZEYGKJO6ZSQHB%2F20250912%2Fap-northeast-2%2Fs3%2Faws4_request&X-Amz-Date=20250912T011730Z&X-Amz-Expires=600&X-Amz-SignedHeaders=host&X-Amz-Signature=8639cc465b06f924021a9ddb3e736f553417378fbe15f5ca5a84abcfb7989a99,8000,no
설명,3,먼저 한 가지 확인 후 설명드릴게요.,tts-bucket-250810,설명/03.wav,https://tts-bucket-250810.s3.ap-northeast-2.amazonaws.com/설명/03.wav,설명/f10be81e34c34be6867164f523607692_mulaw_8000hz.wav,https://tts-bucket-250810.s3.amazonaws.com/%EC%84%A4%EB%AA%85/f10be81e34c34be6867164f523607692_mulaw_8000hz.wav?X-Amz-Algorithm=AWS4-HMAC-SHA256&X-Amz-Credential=AKIA5FTZEYGKJO6ZSQHB%2F20250912%2Fap-northeast-2%2Fs3%2Faws4_request&X-Amz-Date=20250912T011730Z&X-Amz-Expires=600&X-Amz-SignedHeaders=host&X-Amz-Signature=c3ba352714ccf6effea69386ebab2543d90042bd738fa216f785e424a34b7bff,8000,no
설명,4,순서대로 설명드리겠습니다.,tts-bucket-250810,설명/04.wav,https://tts-bucket-250810.s3.ap-northeast-2.amazonaws.com/설명/04.wav,설명/4a27f9ad39a64d45b643a7acc1d03d09_mulaw_8000hz.wav,https://tts-bucket-250810.s3.amazonaws.com/%EC%84%A4%EB%AA%85/4a27f9ad39a64d45b643a7acc1d03d09_mulaw_8000hz.wav?X-Amz-Algorithm=AWS4-HMAC-SHA256&X-Amz-Credential=AKIA5FTZEYGKJO6ZSQHB%2F20250912%2Fap-northeast-2%2Fs3%2Faws4_request&X-Amz-Date=20250912T011731Z&X-Amz-Expires=600&X-Amz-SignedHeaders=host&X-Amz-Signature=b8896c747bfcccfe08dc8e047224ba19f4955a1aa23896da51af9524017b3221,8000,no
설명,5,요약해서 말씀드리면요…,tts-bucket-250810,설명/05.wav,https://tts-bucket-250810.s3.ap-northeast-2.amazonaws.com/설명/05.wav,설명/d3862ce068794c8ca639c125b975e5ba_mulaw_8000hz.wav,https://tts-bucket-250810.s3.amazonaws.com/%EC%84%A4%EB%AA%85/d3862ce068794c8ca639c125b975e5ba_mulaw_8000hz.wav?X-Amz-Algorithm=AWS4-HMAC-SHA256&X-Amz-Credential=AKIA5FTZEYGKJO6ZSQHB%2F20250912%2Fap-northeast-2%2Fs3%2Faws4_request&X-Amz-Date=20250912T011731Z&X-Amz-Expires=600&X-Amz-SignedHeaders=host&X-Amz-Signature=216d0de7c6264937f5788e753581c6f4e78c9547834a4ca6338a82119abe5dc2,8000,no
설명,6,자세히 안내드릴게요.,tts-bucket-250810,설명/06.wav,https://tts-bucket-250810.s3.ap-northeast-2.amazonaws.com/설명/06.wav,설명/f894748d8f2540b796fccd79d26f49df_mulaw_8000hz.wav,https://tts-bucket-250810.s3.amazonaws.com/%EC%84%A4%EB%AA%85/f894748d8f2540b796fccd79d26f49df_mulaw_8000hz.wav?X-Amz-Algorithm=AWS4-HMAC-SHA256&X-Amz-Credential=AKIA5FTZEYGKJO6ZSQHB%2F20250912%2Fap-northeast-2%2Fs3%2Faws4_request&X-Amz-Date=20250912T011731Z&X-Amz-Expires=600&X-Amz-SignedHeaders=host&X-Amz-Signature=6bb91c9705708df9543312d507f00ca7264312ea0a2a201a19461ba667e87162,8000,no
설명,7,"참고로, 이 부분은 이렇게 이해하시면 됩니다.",tts-bucket-250810,설명/07.wav,https://tts-bucket-250810.s3.ap-northeast-2.amazonaws.com/설명/07.wav,설명/1545f1d0bfbd4485ae63fdd3130d3b67_mulaw_8000hz.wav,https://tts-bucket-250810.s3.amazonaws.com/%EC%84%A4%EB%AA%85/1545f1d0bfbd4485ae63fdd3130d3b67_mulaw_8000hz.wav?X-Amz-Algorithm=AWS4-HMAC-SHA256&X-Amz-Credential=AKIA5FTZEYGKJO6ZSQHB%2F20250912%2Fap-northeast-2%2Fs3%2Faws4_request&X-Amz-Date=20250912T011732Z&X-Amz-Expires=600&X-Amz-SignedHeaders=host&X-Amz-Signature=ba9d31538544fc41500c1da1c1e5f2152b7a0afd81861abad9c5f50b937f1a50,8000,no
설명,8,조금 더 구체적으로 설명드릴게요.,tts-bucket-250810,설명/08.wav,https://tts-bucket-250810.s3.ap-northeast-2.amazonaws.com/설명/08.wav,설명/93e4bcbcae3b4049b3088da03f2354d7_mulaw_8000hz.wav,https://tts-bucket-250810.s3.amazonaws.com/%EC%84%A4%EB%AA%85/93e4bcbcae3b4049b3088da03f2354d7_mulaw_8000hz.wav?X-Amz-Algorithm=AWS4-HMAC-SHA256&X-Amz-Credential=AKIA5FTZEYGKJO6ZSQHB%2F20250912%2Fap-northeast-2%2Fs3%2Faws4_request&X-Amz-Date=20250912T011732Z&X-Amz-Expires=600&X-Amz-SignedHeaders=host&X-Amz-Signature=527e925d20978d5318b3b981c5c9c23cd377a2d783722af15f5deb15adc11d8b,8000,no
설명,9,핵심만 짚어서 말씀드리겠습니다.,tts-bucket-250810,설명/09.wav,https://tts-bucket-250810.s3.ap-northeast-2.amazonaws.com/설명/09.wav,설명/7321732eaeb1495daa22cc4dde0b6720_mulaw_8000hz.wav,https://tts-bucket-250810.s3.amazonaws.com/%EC%84%A4%EB%AA%85/7321732eaeb1495daa22cc4dde0b6720_mulaw_8000hz.wav?X-Amz-Algorithm=AWS4-HMAC-SHA256&X-Amz-Credential=AKIA5FTZEYGKJO6ZSQHB%2F20250912%2Fap-northeast-2%2Fs3%2Faws4_request&X-Amz-Date=20250912T011733Z&X-Amz-Expires=600&X-Amz-SignedHeaders=host&X-Amz-Signature=aef31da3a95d159542023dd3e269202a33408e46c5b9425f3827bfa30f00a218,8000,no
설명,10,이어서 추가 설명 드릴게요.,tts-bucket-250810,설명/10.wav,https://tts-bucket-250810.s3.ap-northeast-2.amazonaws.com/설명/10.wav,설명/f113a0549b6d4767b9d28fc7016167e4_mulaw_8000hz.wav,https://tts-bucket-250810.s3.amazonaws.com/%EC%84%A4%EB%AA%85/f113a0549b6d4767b9d28fc7016167e4_mulaw_8000hz.wav?X-Amz-Algorithm=AWS4-HMAC-SHA256&X-Amz-Credential=AKIA5FTZEYGKJO6ZSQHB%2F20250912%2Fap-northeast-2%2Fs3%2Faws4_request&X-Amz-Date=20250912T011733Z&X-Amz-Expires=600&X-Amz-SignedHeaders=host&X-Amz-Signature=649c7db6c3c52bf226d9b7412875a2ca561168afa58b6c38ca4127d2991553e6,8000,no
공감,1,"아, 그러셨군요. 많이 불편하셨겠어요.",tts-bucket-250810,공감/01.wav,https://tts-bucket-250810.s3.ap-northeast-2.amazonaws.com/공감/01.wav,공감/d3d1e6809a4e43faabb770e018fce3b8_mulaw_8000hz.wav,https://tts-bucket-250810.s3.amazonaws.com/%EA%B3%B5%EA%B0%90/d3d1e6809a4e43faabb770e018fce3b8_mulaw_8000hz.wav?X-Amz-Algorithm=AWS4-HMAC-SHA256&X-Amz-Credential=AKIA5FTZEYGKJO6ZSQHB%2F20250912%2Fap-northeast-2%2Fs3%2Faws4_request&X-Amz-Date=20250912T011734Z&X-Amz-Expires=600&X-Amz-SignedHeaders=host&X-Amz-Signature=14034d796c995c4d1bbd01efd6dcf6ea1fc31e52267713813c9ee7f0f93d2f54,8000,no
공감,2,"네, 그 마음 이해합니다.",tts-bucket-250810,공감/02.wav,https://tts-bucket-250810.s3.ap-northeast-2.amazonaws.com/공감/02.wav,공감/d0b33ed4a4fd4f0b96dba67dc84487d7_mulaw_8000hz.wav,https://tts-bucket-250810.s3.amazonaws.com/%EA%B3%B5%EA%B0%90/d0b33ed4a4fd4f0b96dba67dc84487d7_mulaw_8000hz.wav?X-Amz-Algorithm=AWS4-HMAC-SHA256&X-Amz-Credential=AKIA5FTZEYGKJO6ZSQHB%2F20250912%2Fap-northeast-2%2Fs3%2Faws4_request&X-Amz-Date=20250912T011734Z&X-Amz-Expires=600&X-Amz-SignedHeaders=host&X-Amz-Signature=53689854a5cc499282d3e621182ba6f719db75a8174ebc287208657c4a074f6e,8000,no
공감,3,말씀 주셔서 감사합니다.,tts-bucket-250810,공감/03.wav,https://tts-bucket-250810.s3.ap-northeast-2.amazonaws.com/공감/03.wav,공감/d0825a2369de40848c2f00231b185ceb_mulaw_8000hz.wav,https://tts-bucket-250810.s3.amazonaws.com/%EA%B3%B5%EA%B0%90/d0825a2369de40848c2f00231b185ceb_mulaw_8000hz.wav?X-Amz-Algorithm=AWS4-HMAC-SHA256&X-Amz-Credential=AKIA5FTZEYGKJO6ZSQHB%2F20250912%2Fap-northeast-2%2Fs3%2Faws4_request&X-Amz-Date=20250912T011735Z&X-Amz-Expires=600&X-Amz-SignedHeaders=host&X-Amz-Signature=c9ef09a2ede8b3f3299e214e6fc33bf8dcb8e6f06d608af6d7d309da70a2eade,8000,no
공감,4,"아, 그런 상황이면 답답하셨겠습니다.",tts-bucket-250810,공감/04.wav,https://tts-bucket-250810.s3.ap-northeast-2.amazonaws.com/공감/04.wav,공감/e844773942b04e15b229252b694e73af_mulaw_8000hz.wav,https://tts-bucket-250810.s3.amazonaws.com/%EA%B3%B5%EA%B0%90/e844773942b04e15b229252b694e73af_mulaw_8000hz.wav?X-Amz-Algorithm=AWS4-HMAC-SHA256&X-Amz-Credential=AKIA5FTZEYGKJO6ZSQHB%2F20250912%2Fap-northeast-2%2Fs3%2Faws4_request&X-Amz-Date=20250912T011735Z&X-Amz-Expires=600&X-Amz-SignedHeaders=host&X-Amz-Signature=2172a0c95a8c5285f07273f7f0db34523101618b4572999a7a553f963f95bd9d,8000,no
공감,5,"네, 그렇게 느끼실 수 있어요.",tts-bucket-250810,공감/05.wav,https://tts-bucket-250810.s3.ap-northeast-2.amazonaws.com/공감/05.wav,공감/190c683659ec4ed1a55d0994f7c2bac3_mulaw_8000hz.wav,https://tts-bucket-250810.s3.amazonaws.com/%EA%B3%B5%EA%B0%90/190c683659ec4ed1a55d0994f7c2bac3_mulaw_8000hz.wav?X-Amz-Algorithm=AWS4-HMAC-SHA256&X-Amz-Credential=AKIA5FTZEYGKJO6ZSQHB%2F20250912%2Fap-northeast-2%2Fs3%2Faws4_request&X-Amz-Date=20250912T011736Z&X-Amz-Expires=600&X-Amz-SignedHeaders=host&X-Amz-Signature=2082dc3a572e600ce43c38a5a24892c722fb07331924fc463ccecf4f311e0e41,8000,no
공감,6,공감합니다. 더 신경 쓰겠습니다.,tts-bucket-250810,공감/06.wav,https://tts-bucket-250810.s3.ap-northeast-2.amazonaws.com/공감/06.wav,공감/04eeecc7fd5747228f4d47d695b59113_mulaw_8000hz.wav,https://tts-bucket-250810.s3.amazonaws.com/%EA%B3%B5%EA%B0%90/04eeecc7fd5747228f4d47d695b59113_mulaw_8000hz.wav?X-Amz-Algorithm=AWS4-HMAC-SHA256&X-Amz-Credential=AKIA5FTZEYGKJO6ZSQHB%2F20250912%2Fap-northeast-2%2Fs3%2Faws4_request&X-Amz-Date=20250912T011736Z&X-Amz-Expires=600&X-Amz-SignedHeaders=host&X-Amz-Signature=dac1df6e656cfbc5c99ae7cfb16a4cd267f0dfe02657ddf8416deac55d33fd36,8000,no
공감,7,불편을 드려 죄송합니다.,tts-bucket-250810,공감/07.wav,https://tts-bucket-250810.s3.ap-northeast-2.amazonaws.com/공감/07.wav,공감/b2c845b694a44eb8a802bb2f3fdf5331_mulaw_8000hz.wav,https://tts-bucket-250810.s3.amazonaws.com/%EA%B3%B5%EA%B0%90/b2c845b694a44eb8a802bb2f3fdf5331_mulaw_8000hz.wav?X-Amz-Algorithm=AWS4-HMAC-SHA256&X-Amz-Credential=AKIA5FTZEYGKJO6ZSQHB%2F20250912%2Fap-northeast-2%2Fs3%2Faws4_request&X-Amz-Date=20250912T011737Z&X-Amz-Expires=600&X-Amz-SignedHeaders=host&X-Amz-Signature=362dc03faed0cf5c560aff80e0ffd3ce04dc116f7f8553b811ba5ba34f623a97,8000,no
공감,8,"네, 충분히 이해했습니다.",tts-bucket-250810,공감/08.wav,https://tts-bucket-250810.s3.ap-northeast-2.amazonaws.com/공감/08.wav,공감/426ad17165244c3ab19baadfcfac88d2_mulaw_8000hz.wav,https://tts-bucket-250810.s3.amazonaws.com/%EA%B3%B5%EA%B0%90/426ad17165244c3ab19baadfcfac88d2_mulaw_8000hz.wav?X-Amz-Algorithm=AWS4-HMAC-SHA256&X-Amz-Credential=AKIA5FTZEYGKJO6ZSQHB%2F20250912%2Fap-northeast-2%2Fs3%2Faws4_request&X-Amz-Date=20250912T011737Z&X-Amz-Expires=600&X-Amz-SignedHeaders=host&X-Amz-Signature=99051dd9c407221fd07296ac5a249f8a9e90e22d6b5d085dcfcc9c26955a5ca7,8000,no
공감,9,의견 주셔서 감사합니다. 반영해 보겠습니다.,tts-bucket-250810,공감/09.wav,https://tts-bucket-250810.s3.ap-northeast-2.amazonaws.com/공감/09.wav,공감/ca83d41996f54422aed60a6034794f22_mulaw_8000hz.wav,https://tts-bucket-250810.s3.amazonaws.com/%EA%B3%B5%EA%B0%90/ca83d41996f54422aed60a6034794f22_mulaw_8000hz.wav?X-Amz-Algorithm=AWS4-HMAC-SHA256&X-Amz-Credential=AKIA5FTZEYGKJO6ZSQHB%2F20250912%2Fap-northeast-2%2Fs3%2Faws4_request&X-Amz-Date=20250912T011738Z&X-Amz-Expires=600&X-Amz-SignedHeaders=host&X-Amz-Signature=797112878ce6452cad9bf6a094ad33554b65afcbb8f819f43278ba428df7ff1d,8000,no
공감,10,걱정되실 수 있겠습니다.,tts-bucket-250810,공감/10.wav,https://tts-bucket-250810.s3.ap-northeast-2.amazonaws.com/공감/10.wav,공감/ec0922d695fd4d488c0120c43469b95e_mulaw_8000hz.wav,https://tts-bucket-250810.s3.amazonaws.com/%EA%B3%B5%EA%B0%90/ec0922d695fd4d488c0120c43469b95e_mulaw_8000hz.wav?X-Amz-Algorithm=AWS4-HMAC-SHA256&X-Amz-Credential=AKIA5FTZEYGKJO6ZSQHB%2F20250912%2Fap-northeast-2%2Fs3%2Faws4_request&X-Amz-Date=20250912T011739Z&X-Amz-Expires=600&X-Amz-SignedHeaders=host&X-Amz-Signature=42ca8f09272bcf71bc01c79dee6458fc365ff3f3ad5647e1218425f51c58ca2b,8000,no
시간벌기형,1,"잠시만 기다려 주세요, 바로 확인하겠습니다.",tts-bucket-250810,시간벌기형/01.wav,https://tts-bucket-250810.s3.ap-northeast-2.amazonaws.com/시간벌기형/01.wav,시간벌기형/56b843575294435b9c04d7882f8de2a5_mulaw_8000hz.wav,https://tts-bucket-250810.s3.amazonaws.com/%EC%8B%9C%EA%B0%84%EB%B2%8C%EA%B8%B0%ED%98%95/56b843575294435b9c04d7882f8de2a5_mulaw_8000hz.wav?X-Amz-Algorithm=AWS4-HMAC-SHA256&X-Amz-Credential=AKIA5FTZEYGKJO6ZSQHB%2F20250912%2Fap-northeast-2%2Fs3%2Faws4_request&X-Amz-Date=20250912T011739Z&X-Amz-Expires=600&X-Amz-SignedHeaders=host&X-Amz-Signature=70fd7419adb4a4ad65a98641da7d2eb870a3fe6108e51ebe56d23b64bbcc2779,8000,no
시간벌기형,2,지금 조회 중입니다…,tts-bucket-250810,시간벌기형/02.wav,https://tts-bucket-250810.s3.ap-northeast-2.amazonaws.com/시간벌기형/02.wav,시간벌기형/f0d94f648bc242dc9cf543a90e607557_mulaw_8000hz.wav,https://tts-bucket-250810.s3.amazonaws.com/%EC%8B%9C%EA%B0%84%EB%B2%8C%EA%B8%B0%ED%98%95/f0d94f648bc242dc9cf543a90e607557_mulaw_8000hz.wav?X-Amz-Algorithm=AWS4-HMAC-SHA256&X-Amz-Credential=AKIA5FTZEYGKJO6ZSQHB%2F20250912%2Fap-northeast-2%2Fs3%2Faws4_request&X-Amz-Date=20250912T011740Z&X-Amz-Expires=600&X-Amz-SignedHeaders=host&X-Amz-Signature=b1e8937784bff5515c498734cda747a6dcfcc0f7b10bbcbf8b263bc4a134ad0e,8000,no
시간벌기형,3,곧 결과 안내드릴게요…,tts-bucket-250810,시간벌기형/03.wav,https://tts-bucket-250810.s3.ap-northeast-2.amazonaws.com/시간벌기형/03.wav,시간벌기형/9ba51edc7cb54dd0a7aa0f4a9744b9eb_mulaw_8000hz.wav,https://tts-bucket-250810.s3.amazonaws.com/%EC%8B%9C%EA%B0%84%EB%B2%8C%EA%B8%B0%ED%98%95/9ba51edc7cb54dd0a7aa0f4a9744b9eb_mulaw_8000hz.wav?X-Amz-Algorithm=AWS4-HMAC-SHA256&X-Amz-Credential=AKIA5FTZEYGKJO6ZSQHB%2F20250912%2Fap-northeast-2%2Fs3%2Faws4_request&X-Amz-Date=20250912T011740Z&X-Amz-Expires=600&X-Amz-SignedHeaders=host&X-Amz-Signature=fb66f79047f744e7da1132b24c1c223d9539f8450230e65d711b8960145a3cc9,8000,no
시간벌기형,4,확인까지 1~2초만 더 부탁드립니다…,tts-bucket-250810,시간벌기형/04.wav,https://tts-bucket-250810.s3.ap-northeast-2.amazonaws.com/시간벌기형/04.wav,시간벌기형/a0626e40eedd4f25b6000fbc9239f4fe_mulaw_8000hz.wav,https://tts-bucket-250810.s3.amazonaws.com/%EC%8B%9C%EA%B0%84%EB%B2%8C%EA%B8%B0%ED%98%95/a0626e40eedd4f25b6000fbc9239f4fe_mulaw_8000hz.wav?X-Amz-Algorithm=AWS4-HMAC-SHA256&X-Amz-Credential=AKIA5FTZEYGKJO6ZSQHB%2F20250912%2Fap-northeast-2%2Fs3%2Faws4_request&X-Amz-Date=20250912T011741Z&X-Amz-Expires=600&X-Amz-SignedHeaders=host&X-Amz-Signature=4c507ca857d41f49bcc85701b4b910c64b3874e128868e877d8725ac52ddb683,8000,no
시간벌기형,5,자료를 불러오는 중입니다…,tts-bucket-250810,시간벌기형/05.wav,https://tts-bucket-250810.s3.ap-northeast-2.amazonaws.com/시간벌기형/05.wav,시간벌기형/4242a2f2e35b483fbe3569b15234db6f_mulaw_8000hz.wav,https://tts-bucket-250810.s3.amazonaws.com/%EC%8B%9C%EA%B0%84%EB%B2%8C%EA%B8%B0%ED%98%95/4242a2f2e35b483fbe3569b15234db6f_mulaw_8000hz.wav?X-Amz-Algorithm=AWS4-HMAC-SHA256&X-Amz-Credential=AKIA5FTZEYGKJO6ZSQHB%2F20250912%2Fap-northeast-2%2Fs3%2Faws4_request&X-Amz-Date=20250912T011741Z&X-Amz-Expires=600&X-Amz-SignedHeaders=host&X-Amz-Signature=81f477d28450a3a57f2cac84c43a61b31916e1eb3414fec69e925c81815e2f3b,8000,no
시간벌기형,6,금방 연결해 드리겠습니다…,tts-bucket-250810,시간벌기형/06.wav,https://tts-bucket-250810.s3.ap-northeast-2.amazonaws.com/시간벌기형/06.wav,시간벌기형/3b542e4a741041a78a6e331334cc3de1_mulaw_8000hz.wav,https://tts-bucket-250810.s3.amazonaws.com/%EC%8B%9C%EA%B0%84%EB%B2%8C%EA%B8%B0%ED%98%95/3b542e4a741041a78a6e331334cc3de1_mulaw_8000hz.wav?X-Amz-Algorithm=AWS4-HMAC-SHA256&X-Amz-Credential=AKIA5FTZEYGKJO6ZSQHB%2F20250912%2Fap-northeast-2%2Fs3%2Faws4_request&X-Amz-Date=20250912T011742Z&X-Amz-Expires=600&X-Amz-SignedHeaders=host&X-Amz-Signature=e5d71e29d93e2bb5ca7e98104234c3472a447ec057dd68ae068f054901e2bb99,8000,no
시간벌기형,7,"처리 중입니다, 잠시만요…",tts-bucket-250810,시간벌기형/07.wav,https://tts-bucket-250810.s3.ap-northeast-2.amazonaws.com/시간벌기형/07.wav,시간벌기형/d7e8b419575b4bc7962de6e76b6a76c1_mulaw_8000hz.wav,https://tts-bucket-250810.s3.amazonaws.com/%EC%8B%9C%EA%B0%84%EB%B2%8C%EA%B8%B0%ED%98%95/d7e8b419575b4bc7962de6e76b6a76c1_mulaw_8000hz.wav?X-Amz-Algorithm=AWS4-HMAC-SHA256&X-Amz-Credential=AKIA5FTZEYGKJO6ZSQHB%2F20250912%2Fap-northeast-2%2Fs3%2Faws4_request&X-Amz-Date=20250912T011742Z&X-Amz-Expires=600&X-Amz-SignedHeaders=host&X-Amz-Signature=5301b3ff290a61221417d042c54ff2798d54acd0c70ee9993b856ee851c79200,8000,no
시간벌기형,8,이어서 준비 중입니다…,tts-bucket-250810,시간벌기형/08.wav,https://tts-bucket-250810.s3.ap-northeast-2.amazonaws.com/시간벌기형/08.wav,시간벌기형/a35d4ee450154959bdc918154a0622fd_mulaw_8000hz.wav,https://tts-bucket-250810.s3.amazonaws.com/%EC%8B%9C%EA%B0%84%EB%B2%8C%EA%B8%B0%ED%98%95/a35d4ee450154959bdc918154a0622fd_mulaw_8000hz.wav?X-Amz-Algorithm=AWS4-HMAC-SHA256&X-Amz-Credential=AKIA5FTZEYGKJO6ZSQHB%2F20250912%2Fap-northeast-2%2Fs3%2Faws4_request&X-Amz-Date=20250912T011743Z&X-Amz-Expires=600&X-Amz-SignedHeaders=host&X-Amz-Signature=82da197ce664a23d0cd18c4bce7b7583aedba1bf71b42bce79a0f5910e27c366,8000,no
시간벌기형,9,조금만 더 기다려 주세요…,tts-bucket-250810,시간벌기형/09.wav,https://tts-bucket-250810.s3.ap-northeast-2.amazonaws.com/시간벌기형/09.wav,시간벌기형/53d04ca184814acf989a42db9cc665e7_mulaw_8000hz.wav,https://tts-bucket-250810.s3.amazonaws.com/%EC%8B%9C%EA%B0%84%EB%B2%8C%EA%B8%B0%ED%98%95/53d04ca184814acf989a42db9cc665e7_mulaw_8000hz.wav?X-Amz-Algorithm=AWS4-HMAC-SHA256&X-Amz-Credential=AKIA5FTZEYGKJO6ZSQHB%2F20250912%2Fap-northeast-2%2Fs3%2Faws4_request&X-Amz-Date=20250912T011743Z&X-Amz-Expires=600&X-Amz-SignedHeaders=host&X-Amz-Signature=67e8031543ed33eae3b9adb14a17330f3a22cd83f07f71f86d928143c9e3c6ab,8000,no
시간벌기형,10,확인이 완료되는 대로 말씀드릴게요…,tts-bucket-250810,시간벌기형/10.wav,https://tts-bucket-250810.s3.ap-northeast-2.amazonaws.com/시간벌기형/10.wav,시간벌기형/fac34a3d2ff8449798410355ae1d0103_mulaw_8000hz.wav,https://tts-bucket-250810.s3.amazonaws.com/%EC%8B%9C%EA%B0%84%EB%B2%8C%EA%B8%B0%ED%98%95/fac34a3d2ff8449798410355ae1d0103_mulaw_8000hz.wav?X-Amz-Algorithm=AWS4-HMAC-SHA256&X-Amz-Credential=AKIA5FTZEYGKJO6ZSQHB%2F20250912%2Fap-northeast-2%2Fs3%2Faws4_request&X-Amz-Date=20250912T011743Z&X-Amz-Expires=600&X-Amz-SignedHeaders=host&X-Amz-Signature=b5ebc32da5feb7850503315687dbedd53cfd457049a5d531c5eeb2e34c4fde14,8000,no
test,1,"안녕하세요~ 자동차 보험 비교 가입 도와드리는 차집사 다이렉트 차은하 팀장입니다. 잠시 통화 가능하실까요? 지금 이용하고 계신 업체 있으실텐데 저희가 이번에 보험사 연도대상자 출신들로 팀을 재구성 하면서 수수료 7%프로의 조건으로 진행을 하고 있어서 안내차 연락드렸습니다. 사고건이 많거나 해서 다이렉트 가입이 안되시는 고객님들도 OFF 라인으로 가입 가능하게 해드리고 OFF, TM, CM 가입시 모두 7%수수료를 익일오후에 바로 지급 해드리고 있습니다. 수수료 조건도 좋은데 체결율도 95% 이상이라 많은 분들이 함께 하고 계신데 앞으로 딜러님(사장님) 담당은 제가 할꺼라 인사차 연락드렸구요. 제 번호 저장해 두셨다가 견적문의 있으실때 연락주시면 저희가 빠르게 진행 도와드리겠습니다. 명함 문자로 남겨드릴게요~ 감사합니다.",tts-bucket-250810,test/01.wav,https://tts-bucket-250810.s3.ap-northeast-2.amazonaws.com/test/01.wav,test/bf73beefd13743d1b3c628c501cca72e_mulaw_8000hz.wav,https://tts-bucket-250810.s3.amazonaws.com/test/bf73beefd13743d1b3c628c501cca72e_mulaw_8000hz.wav?X-Amz-Algorithm=AWS4-HMAC-SHA256&X-Amz-Credential=AKIA5FTZEYGKJO6ZSQHB%2F20250912%2Fap-northeast-2%2Fs3%2Faws4_request&X-Amz-Date=20250912T011748Z&X-Amz-Expires=600&X-Amz-SignedHeaders=host&X-Amz-Signature=7b798f7269c25aac0c70745b45dec32bcf1db4c3e9c15dbba240530ddd17c276,8000,no
